{"count":1,"self":1679.228416,"total":2939.5897453,"children":{"InitializeActuators":{"count":4,"self":0.0019951,"total":0.0019951,"children":null},"InitializeSensors":{"count":4,"self":0.0040035,"total":0.0040035,"children":null},"AgentSendState":{"count":581717,"self":141.1705088,"total":357.5771488,"children":{"CollectObservations":{"count":465376,"self":0.5226434,"total":0.5226434,"children":null},"WriteActionMask":{"count":465376,"self":0.7312074,"total":0.7312074,"children":null},"RequestDecision":{"count":465376,"self":4.991784,"total":215.152788,"children":{"AgentInfo.ToProto":{"count":465376,"self":3.6465387999999996,"total":210.1610038,"children":{"GenerateSensorData":{"count":465376,"self":197.81917439999998,"total":206.51446489999998,"children":{"RayPerceptionSensor.Perceive":{"count":465376,"self":8.695288,"total":8.6952880999999991,"children":null}}}}}}}}},"DecideAction":{"count":581717,"self":888.99758079999992,"total":888.9975938,"children":null},"AgentAct":{"count":581717,"self":12.766091999999999,"total":12.7660921,"children":null},"AgentInfo.ToProto":{"count":1766,"self":0.019493399999999998,"total":1.0134638,"children":{"GenerateSensorData":{"count":1766,"self":0.9632004,"total":0.99397039999999992,"children":{"RayPerceptionSensor.Perceive":{"count":1766,"self":0.03077,"total":0.03077,"children":null}}}}}},"gauges":{"AvoidPlayer.CumulativeReward":{"count":1766,"max":4.04471874,"min":-3.95600462,"runningAverage":-1.1313386,"value":-0.495010138,"weightedAverage":0.144959152}},"metadata":{"timer_format_version":"0.1.0","start_time_seconds":"1686229684","unity_version":"2021.3.19f1","command_line_arguments":"C:\\Program Files\\Unity\\Hub\\Editor\\2021.3.19f1\\Editor\\Unity.exe -projectpath D:\\after20220210\\MLAgent_Jaeby -useHub -hubIPC -cloudEnvironment production -licensingIpc LicenseClient-USER -hubSessionId 29ae20c0-0589-11ee-a946-45c9bb8219f4 -accessToken 4PXjNrRIPVPDMDJ7WUWSMJNf8czT562zInHMrb6mN4M00df","communication_protocol_version":"1.5.0","com.unity.ml-agents_version":"2.0.0-exp.1","scene_name":"SampleScene","end_time_seconds":"1686232624"}}